종목코드,종목명,종가,대비,등락률,EPS,PER,선행 EPS,선행 PER,BPS,PBR,주당배당금,배당수익률
"095570","AJ네트웍스","4980","75","1.53","201","24.78","622","8.00","8076","0.62","270","5.42"
"006840","AK홀딩스","17100","100","0.59",,,,,"41948","0.41","200","1.17"
"027410","BGF","3810","15","0.40","247","15.43",,,"16528","0.23","110","2.89"
"282330","BGF리테일","131300","2600","2.02","11203","11.72","12683","10.35","55724","2.36","4100","3.12"
"138930","BNK금융지주","7140","60","0.85","2404","2.97","2450","2.91","30468","0.23","625","8.75"
"001460","BYC","426500","1500","0.35","42272","10.09",,,"617978","0.69","3000","0.70"
"001465","BYC우","142600","900","0.64",,,,,,,"3050","2.14"
"001040","CJ","94400","-800","-0.84","6023","15.67","10201","9.25","154565","0.61","2500","2.65"
"079160","CJ CGV","5780","80","1.40",,,,,"5510","1.05","0","0.00"
"00104K","CJ4우(전환)","70300","-900","-1.26",,,,,,,"2550","3.63"
"000120","CJ대한통운","127200","-1800","-1.40","8190","15.53","11472","11.09","179031","0.71","500","0.39"
"011150","CJ씨푸드","2940","-130","-4.23","205","14.34",,,"2095","1.40","0","0.00"
"011155","CJ씨푸드1우","21850","-800","-3.53",,,,,,,"0","0.00"
"001045","CJ우","51700","-100","-0.19",,,,,,,"2550","4.93"
"097950","CJ제일제당","324000","4000","1.25","37188","8.71","33761","9.60","421621","0.77","5500","1.70"
"097955","CJ제일제당 우","134100","300","0.22",,,,,,,"5550","4.14"
"000480","CR홀딩스","6460","40","0.62","1279","5.05",,,"21609","0.30","450","6.97"
"000590","CS홀딩스","61900","-1300","-2.06","12700","4.87",,,"242997","0.25","500","0.81"
"012030","DB","1733","48","2.85","30","57.77",,,"1492","1.16","0","0.00"
"016610","DB금융투자","3850","25","0.65",,,,,"22203","0.17","170","4.42"
"005830","DB손해보험","83700","1300","1.58","16373","5.11","23164","3.61","89508","0.94","4600","5.50"
"000990","DB하이텍","58600","1100","1.91","12858","4.56","7571","7.74","37695","1.55","1300","2.22"
"139130","DGB금융지주","8490","90","1.07","2266","3.75","2963","2.87","31812","0.27","650","7.66"
"001530","DI동일","29250","200","0.69","2750","10.64","696","42.01","30595","0.96","250","0.85"
"000210","DL","51400","300","0.59","2679","19.19","7359","6.98","179610","0.29","1000","1.95"
"001880","DL건설","12780","330","2.65","2445","5.23","3043","4.20","42856","0.30","250","1.96"
"000215","DL우","24750","150","0.61",,,,,,,"1050","4.24"
"375500","DL이앤씨","36050","150","0.42","10130","3.56","8582","4.20","103125","0.35","1000","2.77"
"37550L","DL이앤씨2우(전환)","23850","200","0.85",,,,,,,"1000","4.19"
"37550K","DL이앤씨우","18730","-60","-0.32",,,,,,,"1050","5.61"
"007340","DN오토모티브","73100","2800","3.98","20987","3.48",,,"101507","0.72","2500","3.42"
"004840","DRB동일","5850","-10","-0.17","80","73.13",,,"18971","0.31","40","0.68"
"155660","DSR","4320","0","0.00","1502","2.88",,,"12480","0.35","60","1.39"
"069730","DSR제강","4180","-60","-1.42","2009","2.08",,,"12715","0.33","60","1.44"
"017860","DS단석","289000","7000","2.48","3641","79.37","12124","23.84","28146","10.27","0","0.00"
"017940","E1","62300","700","1.14","24536","2.54","25714","2.42","249560","0.25","3600","5.78"
"383220","F&F","89200","1200","1.36","11571","7.71","13694","6.51","24159","3.69","1600","1.79"
"007700","F&F홀딩스","15630","10","0.06","3384","4.62",,,"52493","0.30","350","2.24"
"114090","GKL","13490","180","1.35",,,"1350","9.99","6183","2.18","0","0.00"
"078930","GS","40900","800","2.00","22634","1.81","15415","2.65","131382","0.31","2500","6.11"
"006360","GS건설","15020","20","0.13","3997","3.76","2557","5.87","56917","0.26","1300","8.66"
"001250","GS글로벌","2550","80","3.24","851","3.00",,,"4813","0.53","0","0.00"
"007070","GS리테일","23050","50","0.22","395","58.35","2680","8.60","39627","0.58","430","1.87"
"078935","GS우","34500","100","0.29",,,,,,,"2550","7.39"
"012630","HDC","6890","-110","-1.57",,,,,"44094","0.16","250","3.63"
"039570","HDC랩스","7450","110","1.50","538","13.85",,,"11339","0.66","450","6.04"
"089470","HDC현대EP","4560","85","1.90","398","11.46",,,"10618","0.43","120","2.63"
"294870","HDC현대산업개발","14600","160","1.11","764","19.11","2876","5.08","43919","0.33","600","4.11"
"009540","HD한국조선해양","120900","4100","3.51",,,"10842","11.15","137382","0.88","0","0.00"
"267250","HD현대","63300","2300","3.77","19933","3.18","11832","5.35","105921","0.60","4600","7.27"
"267270","HD현대건설기계","51700","700","1.37","6112","8.46","10243","5.05","80387","0.64","1750","3.38"
"322000","HD현대에너지솔루션","27950","400","1.45","5412","5.16","2607","10.72","34065","0.82","600","2.15"
"042670","HD현대인프라코어","8120","110","1.37","1163","6.98","1629","4.98","8273","0.98","240","2.96"
"267260","HD현대일렉트릭","82200","1800","2.24","4514","18.21","7209","11.40","22854","3.60","500","0.61"
"329180","HD현대중공업","129000","3500","2.79",,,"5295","24.36","59566","2.17","0","0.00"
"097230","HJ중공업","4450","125","2.89",,,,,"4624","0.96","0","0.00"
"014790","HL D&I","2055","-15","-0.72","300","6.85","701","2.93","9115","0.23","0","0.00"
"003580","HLB글로벌","5020","10","0.20",,,,,"1507","3.33","0","0.00"
"204320","HL만도","39350","1700","4.52","2096","18.77","5416","7.26","45998","0.86","500","1.27"
"060980","HL홀딩스","33300","350","1.06","314","106.05","10933","3.05","102608","0.32","2000","6.01"
"011200","HMM","19580","60","0.31","20556","0.95","930","21.05","42300","0.46","1200","6.13"
"082740","HSD엔진","9790","270","2.84",,,"581","16.85","3099","3.16","0","0.00"
"035000","HS애드","6230","50","0.81","1077","5.78",,,"10892","0.57","400","6.42"
"003560","IHQ","3585","0","0.00",,,,,"4335","0.83","0","0.00"
"175330","JB금융지주","11390","390","3.55","2996","3.80","3224","3.53","23551","0.48","835","7.33"
"234080","JW생명과학","12870","130","1.02","966","13.32","1497","8.60","9063","1.42","500","3.89"
"001060","JW중외제약","35550","-1550","-4.18","1305","27.24","2577","13.80","9750","3.65","375","1.05"
"001067","JW중외제약2우B","62100","0","0.00",,,,,,,"375","0.60"
"001065","JW중외제약우","33200","50","0.15",,,,,,,"400","1.20"
"096760","JW홀딩스","3490","-50","-1.41","307","11.37",,,"1484","2.35","100","2.87"
"105560","KB금융","54100","1800","3.44","10955","4.94","12870","4.20","124124","0.44","2950","5.45"
"002380","KCC","228500","4000","1.78","4564","50.07","17487","13.07","695902","0.33","8000","3.50"
"344820","KCC글라스","41050","450","1.11","5894","6.96",,,"90484","0.45","2400","5.85"
"009070","KCTC","3895","15","0.39","879","4.43",,,"8350","0.47","60","1.54"
"009440","KC그린홀딩스","3510","90","2.63",,,,,"7463","0.47","50","1.42"
"119650","KC코트렐","1587","-2","-0.13",,,,,"1562","1.02","0","0.00"
"092220","KEC","1557","20","1.30","140","11.12",,,"1912","0.81","60","3.85"
"003620","KG모빌리티","8680","130","1.52",,,,,"5846","1.48","0","0.00"
"016380","KG스틸","8900","70","0.79","5357","1.66","1682","5.29","16898","0.53","150","1.69"
"001390","KG케미칼","6850","110","1.63","4677","1.46",,,"11474","0.60","100","1.46"
"033180","KH 필룩스","1326","0","0.00",,,,,"7863","0.17","0","0.00"
"015590","KIB플러그에너지","780","20","2.63","49","15.92","47","16.63","475","1.64","0","0.00"
"001940","KISCO홀딩스","23800","500","2.15","5760","4.13",,,"75645","0.31","600","2.52"
"025000","KPX케미칼","43500","200","0.46","6015","7.23",,,"122776","0.35","2750","6.32"
"092230","KPX홀딩스","51300","500","0.98","2267","22.63",,,"210854","0.24","3000","5.85"
"000040","KR모터스","358","12","3.47",,,,,"345","1.04","0","0.00"
"044450","KSS해운","9250","-70","-0.75","2016","4.59",,,"17995","0.51","350","3.78"
"030200","KT","34400","900","2.69","5209","6.60","4939","6.96","64880","0.53","1960","5.70"
"033780","KT&G","86900","1200","1.40","8489","10.24","7019","12.38","80114","1.08","5000","5.75"
"058850","KTcs","3600","-15","-0.41","436","8.26",,,"4834","0.74","120","3.33"
"058860","KTis","3015","15","0.50","501","6.02",,,"6434","0.47","120","3.98"
"093050","LF","13270","20","0.15","5351","2.48","4292","3.09","51612","0.26","700","5.28"
"003550","LG","85900","2800","3.37","12422","6.92","11630","7.39","160957","0.53","3000","3.49"
"034220","LG디스플레이","12740","350","2.82",,,,,"27611","0.46","0","0.00"
"051900","LG생활건강","355000","4500","1.28","14112","25.16","18396","19.30","318648","1.11","4000","1.13"
"051905","LG생활건강우","158100","2500","1.61",,,,,,,"4050","2.56"
"373220","LG에너지솔루션","427500","6500","1.54","3306","129.31","11581","36.91","80052","5.34","0","0.00"
"003555","LG우","60700","200","0.33",,,,,,,"3050","5.02"
"032640","LG유플러스","10230","110","1.09","1543","6.63","1634","6.26","18996","0.54","650","6.35"
"011070","LG이노텍","239500","6500","2.79","41406","5.78","33326","7.19","180261","1.33","4150","1.73"
"066570","LG전자","101800","1800","1.80","6640","15.33","12367","8.23","105473","0.97","700","0.69"
"066575","LG전자우","45800","300","0.66",,,,,,,"750","1.64"
"037560","LG헬로비전","3420","20","0.59",,,"500","6.84","8077","0.42","120","3.51"
"051910","LG화학","499000","13000","2.67","23670","21.08","37510","13.30","401795","1.24","10000","2.00"
"051915","LG화학우","311000","2000","0.65",,,,,,,"10050","3.23"
"079550","LIG넥스원","130500","200","0.15","5641","23.13","8846","14.75","42909","3.04","1500","1.15"
"006260","LS","93200","2000","2.19","16306","5.72","13830","6.74","144965","0.64","1550","1.66"
"010120","LS ELECTRIC","73200","700","0.97","3077","23.79","7948","9.21","52919","1.38","1100","1.50"
"000680","LS네트웍스","4255","-10","-0.23",,,,,"7509","0.57","0","0.00"
"229640","LS전선아시아","20900","100","0.48",,,"424","49.24","4898","4.27","250","1.20"
"108320","LX세미콘","86800","-400","-0.46","14368","6.04","12119","7.16","58432","1.49","4500","5.18"
"001120","LX인터내셔널","29400","-100","-0.34","14325","2.05","7204","4.08","62867","0.47","3000","10.20"
"108670","LX하우시스","43600","850","1.99",,,"8452","5.16","78153","0.56","200","0.46"
"108675","LX하우시스우","20150","-850","-4.05",,,,,,,"250","1.24"
"383800","LX홀딩스","7050","20","0.28","2190","3.22","1659","4.25","20737","0.34","310","4.40"
"38380K","LX홀딩스1우","9650","120","1.26",,,,,,,"320","3.32"
"023150","MH에탄올","6830","-70","-1.01","766","8.92",,,"10227","0.67","250","3.66"
"035420","NAVER","224000","1000","0.45","5007","44.74","8660","25.87","151646","1.48","914","0.41"
"181710","NHN","23350","-50","-0.21",,,"2337","9.99","49179","0.47","0","0.00"
"005940","NH투자증권","10330","120","1.18","881","11.73","1719","6.01","20647","0.50","700","6.78"
"005945","NH투자증권우","9780","-20","-0.20",,,,,,,"750","7.67"
"034310","NICE","13180","-180","-1.35","1012","13.02",,,"21230","0.62","410","3.11"
"030190","NICE평가정보","9470","140","1.50","882","10.74","917","10.33","5732","1.65","370","3.91"
"008260","NI스틸","6000","100","1.69","1706","3.52",,,"6580","0.91","100","1.67"
"004250","NPC","5570","100","1.83","678","8.22",,,"8241","0.68","100","1.80"
"004255","NPC우","3070","20","0.66",,,,,,,"105","3.42"
"456040","OCI","111300","900","0.82",,,"4425","25.15",,,"0","0.00"
"010060","OCI홀딩스","106200","2100","2.02","36941","2.87","26060","4.08","166136","0.64","2500","2.35"
"178920","PI첨단소재","30500","-100","-0.33","1557","19.59","1095","27.85","11627","2.62","779","2.55"
"005490","POSCO홀딩스","499500","7000","1.42","41456","12.05","35175","14.20","692323","0.72","12000","2.40"
"010950","S-Oil","69600","700","1.02","18075","3.85","10562","6.59","72869","0.96","5500","7.90"
"010955","S-Oil우","49250","0","0.00",,,,,,,"5525","11.22"
"034120","SBS","29250","-1400","-4.57","8623","3.39","4290","6.82","46405","0.63","1000","3.42"
"005090","SGC에너지","27300","550","2.06","8093","3.37","5937","4.60","48174","0.57","1700","6.23"
"001380","SG글로벌","1546","11","0.72",,,,,"2695","0.57","0","0.00"
"004060","SG세계물산","452","4","0.89","9","50.22",,,"1234","0.37","0","0.00"
"001770","SHD","21150","250","1.20","8905","2.38",,,"42355","0.50","100","0.47"
"002360","SH에너지화학","641","6","0.94","17","37.71",,,"856","0.75","10","1.56"
"009160","SIMPAC","3930","-25","-0.63","1381","2.85",,,"11050","0.36","200","5.09"
"123700","SJM","3635","20","0.55","316","11.50",,,"11352","0.32","100","2.75"
"025530","SJM홀딩스","3725","25","0.68","127","29.33",,,"11073","0.34","150","4.03"
"034730","SK","178000","1800","1.02","19547","9.11","24807","7.18","387441","0.46","5000","2.81"
"011790","SKC","90600","1000","1.12",,,"354","256.19","50774","1.78","1100","1.21"
"018670","SK가스","148000","-1400","-0.94","28644","5.17","26081","5.67","260823","0.57","6500","4.39"
"001740","SK네트웍스","5750","120","2.13","395","14.56","346","16.60","10307","0.56","120","2.09"
"006120","SK디스커버리","39200","300","0.77","21631","1.81",,,"142686","0.27","1700","4.34"
"006125","SK디스커버리우","30600","200","0.66",,,,,,,"1750","5.72"
"210980","SK디앤디","29500","-1300","-4.22","3084","9.57","2735","10.79","28817","1.02","800","2.71"
"068400","SK렌터카","10280","-120","-1.15","457","22.49",,,"11371","0.90","150","1.46"
"302440","SK바이오사이언스","72000","900","1.27","1596","45.11",,,"22683","3.17","0","0.00"
"326030","SK바이오팜","100400","2400","2.45",,,"520","192.90","4042","24.84","0","0.00"
"402340","SK스퀘어","52600","2100","4.16","1837","28.63","3965","13.27","118972","0.44","0","0.00"
"361610","SK아이이테크놀로지","78900","200","0.25",,,"1135","69.50","30501","2.59","0","0.00"
"100090","SK오션플랜트","19770","900","4.77","524","37.73","1110","17.81","9783","2.02","0","0.00"
"03473K","SK우","140800","100","0.07",,,,,,,"5050","3.59"
"096770","SK이노베이션","140300","1200","0.86","18214","7.70","17864","7.85","226241","0.62","5840","4.16"
"096775","SK이노베이션우","91400","500","0.55",,,,,,,"5890","6.44"
"001510","SK증권","641","10","1.58","23","27.87",,,"1511","0.42","5","0.78"
"001515","SK증권우","2420","95","4.09",,,,,,,"10","0.41"
"285130","SK케미칼","67300","700","1.05","9910","6.79","1497","44.95","111864","0.60","1500","2.23"
"28513K","SK케미칼우","30300","300","1.00",,,,,,,"1550","5.12"
"017670","SK텔레콤","50100","850","1.73","4118","12.17","5151","9.73","51911","0.97","3320","6.63"
"000660","SK하이닉스","141500","1100","0.78","3242","43.65","7821","18.09","92004","1.54","1200","0.85"
"003570","SNT다이내믹스","14400","50","0.35","1027","14.02","1495","9.63","29430","0.49","500","3.47"
"064960","SNT모티브","43200","750","1.77","6470","6.68","7146","6.05","66442","0.65","1600","3.70"
"100840","SNT에너지","22000","350","1.62","2292","9.60",,,"38778","0.57","800","3.64"
"036530","SNT홀딩스","17290","230","1.35","3556","4.86","5704","3.03","68239","0.25","700","4.05"
"005610","SPC삼립","62600","300","0.48","6568","9.53","8431","7.43","48007","1.30","1700","2.72"
"011810","STX","12670","150","1.20",,,,,"1647","7.69","0","0.00"
"465770","STX그린로지스","12330","30","0.24",,,,,,,"0","0.00"
"077970","STX엔진","11850","60","0.51",,,,,"9413","1.26","0","0.00"
"071970","STX중공업","11700","690","6.27","498","23.49","953","12.28","6770","1.73","0","0.00"
"002820","SUN&L","2495","15","0.60",,,,,"12936","0.19","0","0.00"
"084870","TBH글로벌","1773","-1","-0.06","236","7.51",,,"2886","0.61","0","0.00"
"002710","TCC스틸","58800","800","1.38","1239","47.46",,,"8127","7.24","120","0.20"
"069260","TKG휴켐스","21500","150","0.70","2132","10.08","2743","7.84","19290","1.11","1000","4.65"
"002900","TYM","5520","50","0.91","2262","2.44",,,"7778","0.71","300","5.43"
"024070","WISCOM","2595","5","0.19",,,,,"7345","0.35","50","1.93"
"037270","YG PLUS","4380","45","1.04","183","23.93","355","12.35","2248","1.95","0","0.00"
"000500","가온전선","21200","400","1.92","2350","9.02",,,"47277","0.45","50","0.24"
"000860","강남제비스코","20750","250","1.22","952","21.80",,,"92542","0.22","500","2.41"
"035250","강원랜드","16000","130","0.82","570","28.07","1224","13.07","16846","0.95","350","2.19"
"011420","갤럭시아에스엠","2635","100","3.94","167","15.78",,,"1210","2.18","0","0.00"
"002100","경농","10170","50","0.49","1503","6.77",,,"12997","0.78","400","3.93"
"009450","경동나비엔","47200","700","1.51","3707","12.73",,,"35820","1.32","500","1.06"
"267290","경동도시가스","19450","-10","-0.05","4105","4.74",,,"67007","0.29","875","4.50"
"012320","경동인베스트","67700","-100","-0.15","6519","10.39",,,"205405","0.33","750","1.11"
"000050","경방","8840","20","0.23","177","49.94",,,"30304","0.29","125","1.41"
"214390","경보제약","8390","60","0.72","26","322.69",,,"6011","1.40","50","0.60"
"012610","경인양행","3850","90","2.39","345","11.16",,,"5831","0.66","50","1.30"
"009140","경인전자","21300","100","0.47","2080","10.24",,,"49149","0.43","350","1.64"
"013580","계룡건설","14450","190","1.33","6828","2.12","7272","1.99","84371","0.17","500","3.46"
"012200","계양전기","1855","28","1.53",,,,,"3762","0.49","25","1.35"
"012205","계양전기우","4035","-65","-1.59",,,,,,,"30","0.74"
"002140","고려산업","3140","10","0.32","28","112.14",,,"4286","0.73","25","0.80"
"010130","고려아연","498000","2500","0.50","42967","11.59","28796","17.29","455251","1.09","20000","4.02"
"002240","고려제강","20300","320","1.60","3242","6.26",,,"64024","0.32","300","1.48"
"009290","광동제약","7430","60","0.81","588","12.64",,,"12593","0.59","100","1.35"
"017040","광명전기","2360","20","0.85","124","19.03",,,"2621","0.90","10","0.42"
"017900","광전자","2090","10","0.48","275","7.60",,,"4514","0.46","50","2.39"
"037710","광주신세계","30050","-250","-0.83","7157","4.20",,,"99270","0.30","2200","7.32"
"030610","교보증권","4950","-5","-0.10","681","7.27",,,"24572","0.20","200","4.04"
"339770","교촌에프앤비","7430","30","0.41","214","34.72","837","8.88","7157","1.04","200","2.69"
"007690","국도화학","40950","650","1.61","8626","4.75","6359","6.44","99565","0.41","1400","3.42"
"005320","국동","779","19","2.50","25","31.16",,,"1827","0.43","0","0.00"
"001140","국보","2015","-20","-0.98",,,,,"4100","0.49","0","0.00"
"002720","국제약품","5920","60","1.02","176","33.64",,,"3666","1.61","0","0.00"
"083420","그린케미칼","6720","10","0.15","123","54.63",,,"5251","1.28","230","3.42"
"014530","극동유화","4340","55","1.28","593","7.32",,,"5808","0.75","200","4.61"
"014280","금강공업","5680","30","0.53","1933","2.94",,,"13368","0.42","120","2.11"
"014285","금강공업우","9380","10","0.11",,,,,,,"130","1.39"
"008870","금비","71300","3400","5.01",,,,,"106871","0.67","1300","1.82"
"001570","금양","109200","-6700","-5.78",,,,,"2188","49.91","0","0.00"
"002990","금호건설","5190","-70","-1.33","587","8.84","470","11.03","15028","0.35","500","9.63"
"002995","금호건설우","16440","-80","-0.48",,,,,,,"550","3.35"
"011780","금호석유","132900","2000","1.53","37290","3.56","15223","8.73","208647","0.64","5400","4.06"
"011785","금호석유우","61400","-300","-0.49",,,,,,,"5450","8.88"
"214330","금호에이치티","640","7","1.11",,,,,"1749","0.37","0","0.00"
"001210","금호전기","830","5","0.61",,,,,"890","0.93","0","0.00"
"073240","금호타이어","5390","20","0.37",,,"522","10.32","3920","1.38","0","0.00"
"092440","기신정기","3065","0","0.00","150","20.43",,,"8601","0.36","150","4.89"
"000270","기아","100000","3000","3.09","13495","7.41","22977","4.35","98117","1.02","3500","3.50"
"024110","기업은행","11860","120","1.02","3320","3.57","3652","3.25","36302","0.33","960","8.09"
"013700","까뮤이앤씨","1670","50","3.09",,,,,"1753","0.95","20","1.20"
"004540","깨끗한나라","2425","0","0.00",,,,,"6419","0.38","0","0.00"
"004545","깨끗한나라우","13710","120","0.88",,,,,,,"0","0.00"
"001260","남광토건","7660","40","0.52","1969","3.89",,,"10896","0.70","0","0.00"
"008350","남선알미늄","2355","55","2.39","238","9.89",,,"2370","0.99","0","0.00"
"008355","남선알미우","36650","3850","11.74",,,,,,,"0","0.00"
"004270","남성","2230","10","0.45","102","21.86",,,"3821","0.58","25","1.12"
"003920","남양유업","607000","17000","2.88",,,,,"866808","0.70","1000","0.16"
"003925","남양유업우","335000","12000","3.72",,,,,,,"1050","0.31"
"025860","남해화학","7400","60","0.82","986","7.51",,,"10670","0.69","100","1.35"
"005720","넥센","4165","10","0.24","317","13.14",,,"20883","0.20","110","2.64"
"005725","넥센우","2890","-10","-0.34",,,,,,,"115","3.98"
"002350","넥센타이어","8040","80","1.01",,,"1799","4.47","15474","0.52","100","1.24"
"002355","넥센타이어1우B","3145","25","0.80",,,,,,,"105","3.34"
"092790","넥스틸","7160","-70","-0.97","8850","0.81",,,"259899","0.03","0","0.00"
"251270","넷마블","58100","500","0.87",,,"298","195.12","66649","0.87","0","0.00"
"090350","노루페인트","9250","50","0.54","564","16.40",,,"17235","0.54","275","2.97"
"090355","노루페인트우","17650","120","0.68",,,,,,,"280","1.59"
"000320","노루홀딩스","11460","10","0.09","2391","4.79","1330","8.62","37585","0.30","500","4.36"
"000325","노루홀딩스우","38000","650","1.74",,,,,,,"505","1.33"
"006280","녹십자","125500","1700","1.37","5735","21.88","2596","48.34","116367","1.08","1750","1.39"
"005250","녹십자홀딩스","16350","500","3.15","727","22.49",,,"22857","0.72","300","1.83"
"005257","녹십자홀딩스2우","31200","250","0.81",,,,,,,"300","0.96"
"004370","농심","407000","0","0.00","20081","20.27","33027","12.32","398464","1.02","5000","1.23"
"072710","농심홀딩스","64800","100","0.15","7353","8.81",,,"231914","0.28","2500","3.86"
"058730","다스코","4250","10","0.24","88","48.30",,,"7408","0.57","0","0.00"
"030210","다올투자증권","3900","-10","-0.26","1019","3.83",,,"9765","0.40","150","3.85"
"023590","다우기술","17890","130","0.73","8634","2.07",,,"53655","0.33","600","3.35"
"145210","다이나믹디자인","5600","500","9.80",,,,,"3499","1.60","0","0.00"
"019680","대교","2590","170","7.02",,,,,"4829","0.54","30","1.16"
"019685","대교우B","1529","56","3.80",,,,,,,"45","2.94"
"006370","대구백화점","9070","-180","-1.95",,,,,"27795","0.33","50","0.55"
"008060","대덕","6390","40","0.63","549","11.64",,,"17272","0.37","400","6.26"
"00806K","대덕1우","7860","-90","-1.13",,,,,,,"405","5.15"
"353200","대덕전자","27050","-200","-0.73","3570","7.58","1807","14.97","16598","1.63","400","1.48"
"35320K","대덕전자1우","10150","-20","-0.20",,,,,,,"405","3.99"
"000490","대동","17020","90","0.53","1812","9.39","2605","6.53","14922","1.14","100","0.59"
"008110","대동전자","6880","160","2.38","1122","6.13",,,"26394","0.26","0","0.00"
"005750","대림B&Co","3645","-30","-0.82",,,,,"9514","0.38","110","3.02"
"006570","대림통상","2975","25","0.85","252","11.81",,,"5308","0.56","30","1.01"
"001680","대상","20750","350","1.72","2306","9.00","2878","7.21","36185","0.57","800","3.86"
"001685","대상우","26350","6050","29.80",,,,,,,"810","3.07"
"084690","대상홀딩스","13330","2050","18.17","868","15.36",,,"19815","0.67","270","2.03"
"084695","대상홀딩스우","37550","8650","29.93",,,,,,,"280","0.75"
"128820","대성산업","3580","55","1.56",,,,,"16329","0.22","0","0.00"
"117580","대성에너지","8120","240","3.05",,,,,"11539","0.70","250","3.08"
"016710","대성홀딩스","10030","160","1.62","225","44.58",,,"29781","0.34","250","2.49"
"003540","대신증권","14300","-20","-0.14","1750","8.17","2184","6.55","40616","0.35","1200","8.39"
"003547","대신증권2우B","13000","10","0.08",,,,,,,"1200","9.23"
"003545","대신증권우","13630","-20","-0.15",,,,,,,"1250","9.17"
"009190","대양금속","1121","13","1.17","252","4.45",,,"2426","0.46","0","0.00"
"014160","대영포장","1136","9","0.80","134","8.48",,,"1753","0.65","0","0.00"
"047040","대우건설","4145","0","0.00","1227","3.38","1275","3.25","9040","0.46","0","0.00"
"009320","대우부품","1340","21","1.59",,,,,"539","2.49","0","0.00"
"003090","대웅","20650","500","2.48","2467","8.37","3443","6.00","19933","1.04","100","0.48"
"069620","대웅제약","116800","800","0.69","3816","30.61","7736","15.10","54929","2.13","600","0.51"
"000430","대원강업","5440","90","1.68","304","17.89","819","6.64","7802","0.70","100","1.84"
"006340","대원전선","1157","15","1.31","18","64.28",,,"1228","0.94","0","0.00"
"006345","대원전선우","2530","-15","-0.59",,,,,,,"0","0.00"
"003220","대원제약","15660","380","2.49","1510","10.37","1427","10.97","11967","1.31","350","2.23"
"024890","대원화성","1985","10","0.51",,,,,"1532","1.30","0","0.00"
"002880","대유에이텍","1202","-53","-4.22",,,,,"2826","0.43","0","0.00"
"000300","대유플러스","165","-1","-0.60",,,,,"503","0.33","0","0.00"
"012800","대창","1266","16","1.28","48","26.38",,,"3225","0.39","0","0.00"
"015230","대창단조","6100","60","0.99","1417","4.30",,,"9161","0.67","200","3.28"
"001070","대한방직","8140","160","2.01",,,,,"37439","0.22","0","0.00"
"006650","대한유화","153000","500","0.33",,,"10277","14.89","301477","0.51","1000","0.65"
"001440","대한전선","10080","260","2.65","180","56.00",,,"7000","1.44","0","0.00"
"084010","대한제강","12920","50","0.39","6605","1.96","3413","3.79","38135","0.34","780","6.04"
"001790","대한제당","3180","30","0.95","276","11.52",,,"5589","0.57","120","3.77"
"001795","대한제당우","3035","100","3.41",,,,,,,"125","4.12"
"001130","대한제분","127800","-1200","-0.93","24697","5.17",,,"558185","0.23","2500","1.96"
"003490","대한항공","23900","450","1.92","4787","4.99","3117","7.67","24353","0.98","750","3.14"
"003495","대한항공우","24850","-50","-0.20",,,,,,,"800","3.22"
"005880","대한해운","2155","50","2.38","507","4.25","337","6.39","4912","0.44","0","0.00"
"003830","대한화섬","105700","600","0.57","29768","3.55",,,"635611","0.17","750","0.71"
"016090","대현","2010","5","0.25","574","3.50",,,"5480","0.37","110","5.47"
"069460","대호에이엘","1267","-3","-0.24","114","11.11",,,"1456","0.87","0","0.00"
"192080","더블유게임즈","47550","-800","-1.65",,,"8530","5.57","43874","1.08","600","1.26"
"012510","더존비즈온","28950","-200","-0.69","676","42.83","1220","23.73","14728","1.97","123","0.42"
"004830","덕성","7860","550","7.52","157","50.06",,,"5340","1.47","45","0.57"
"004835","덕성우","18050","4160","29.95",,,,,,,"50","0.28"
"024900","덕양산업","5920","120","2.07","487","12.16",,,"2608","2.27","0","0.00"
"145720","덴티움","131000","3100","2.42","9980","13.13","10352","12.65","43354","3.02","300","0.23"
"002150","도화엔지니어링","7930","10","0.13","47","168.72",,,"7986","0.99","280","3.53"
"460850","동국씨엠","7100","140","2.01",,,"1540","4.61",,,"0","0.00"
"460860","동국제강","12040","-210","-1.71",,,"8166","1.47",,,"0","0.00"
"001230","동국홀딩스","8780","80","0.92","4474","1.96",,,"34362","0.26","500","5.69"
"023450","동남합성","34000","0","0.00","2983","11.40",,,"14281","2.38","875","2.57"
"004140","동방","2060","15","0.73","17","121.18",,,"2685","0.77","0","0.00"
"007590","동방아그로","6360","20","0.32","546","11.65",,,"12112","0.53","250","3.93"
"005960","동부건설","5870","-80","-1.34","1737","3.38","1141","5.14","25293","0.23","500","8.52"
"005965","동부건설우","26400","500","1.93",,,,,,,"550","2.08"
"026960","동서","18200","130","0.72","1701","10.70",,,"15510","1.17","730","4.01"
"002210","동성제약","5760","60","1.05",,,,,"1872","3.08","0","0.00"
"102260","동성케미컬","4500","5","0.11","714","6.30",,,"7735","0.58","200","4.44"
"000640","동아쏘시오홀딩스","101000","1700","1.71","1784","56.61","12233","8.26","157100","0.64","1500","1.49"
"170900","동아에스티","69100","1600","2.37","1546","44.70","1992","34.68","76890","0.90","700","1.01"
"028100","동아지질","12940","-120","-0.92",,,,,"15999","0.81","500","3.86"
"282690","동아타이어","11980","-70","-0.58","1747","6.86",,,"27514","0.44","1000","8.35"
"001520","동양","999","-8","-0.79",,,,,"4044","0.25","40","4.00"
"001527","동양2우B","12490","1030","8.99",,,,,,,"150","1.20"
"084670","동양고속","13030","0","0.00",,,,,"28704","0.45","0","0.00"
"082640","동양생명","4530","80","1.80","475","9.54","1755","2.58","12252","0.37","0","0.00"
"001525","동양우","6010","10","0.17",,,,,,,"90","1.50"
"008970","동양철관","823","51","6.61","33","24.94",,,"740","1.11","0","0.00"
"092780","동양피스톤","4855","10","0.21","198","24.52",,,"9239","0.53","60","1.24"
"049770","동원F&B","32700","-50","-0.15","4711","6.94","6053","5.40","45847","0.71","701","2.14"
"018500","동원금속","1892","72","3.96","389","4.86",,,"1919","0.99","20","1.06"
"006040","동원산업","33300","350","1.06","5748","5.79",,,"69698","0.48","1100","3.30"
"030720","동원수산","7140","40","0.56","1328","5.38",,,"13454","0.53","250","3.50"
"014820","동원시스템즈","34500","-200","-0.58","2472","13.96","2184","15.80","24886","1.39","600","1.74"
"014825","동원시스템즈우","25800","-400","-1.53",,,,,,,"650","2.52"
"111380","동인기연","21250","50","0.24","5665","3.75","6196","3.43","10236","2.08","800","3.76"
"163560","동일고무벨트","6200","-10","-0.16","561","11.05",,,"15353","0.40","120","1.94"
"004890","동일산업","47100","450","0.96","10085","4.67",,,"192642","0.24","3000","6.37"
"002690","동일제강","1868","22","1.19","169","11.05",,,"7970","0.23","10","0.54"
"000020","동화약품","10270","350","3.53","736","13.95",,,"13165","0.78","180","1.75"
"000150","두산","93900","2200","2.40",,,"10710","8.77","100601","0.93","2000","2.13"
"000157","두산2우B","71200","1400","2.01",,,,,,,"2000","2.81"
"454910","두산로보틱스","116100","7500","6.91",,,,,"880","131.93","0","0.00"
"241560","두산밥캣","50400","650","1.31","6421","7.85","7967","6.33","50136","1.01","1350","2.68"
"034020","두산에너빌리티","15900","260","1.66",,,"668","23.81","11146","1.43","0","0.00"
"000155","두산우","51400","500","0.98",,,,,,,"2050","3.99"
"336260","두산퓨얼셀","23200","400","1.75","47","493.62","211","109.97","6392","3.63","0","0.00"
"33626K","두산퓨얼셀1우","7120","140","2.01",,,,,,,"0","0.00"
"33626L","두산퓨얼셀2우B","10200","300","3.03",,,,,,,"0","0.00"
"016740","두올","3530","20","0.57","224","15.76",,,"5889","0.60","80","2.27"
"192650","드림텍","12990","-10","-0.08","965","13.46","1199","10.83","6133","2.12","200","1.54"
"024090","디씨엠","11100","-50","-0.45","4097","2.71",,,"28881","0.38","900","8.11"
"003160","디아이","6300","-60","-0.94","564","11.17","459","13.71","5841","1.08","100","1.59"
"092200","디아이씨","4980","70","1.43","79","63.04",,,"2625","1.90","0","0.00"
"013570","디와이","5880","60","1.03",,,,,"13814","0.43","120","2.04"
"210540","디와이파워","12330","60","0.49","1618","7.62",,,"21781","0.57","250","2.03"
"115390","락앤락","6210","10","0.16",,,,,"12030","0.52","1953","31.45"
"032350","롯데관광개발","9380","200","2.18",,,,,"3223","2.91","0","0.00"
"089860","롯데렌탈","27750","0","0.00","2577","10.77","4216","6.58","35333","0.79","900","3.24"
"000400","롯데손해보험","2390","70","3.02",,,,,"1451","1.65","0","0.00"
"023530","롯데쇼핑","75000","-600","-0.79",,,"8425","8.90","338431","0.22","3300","4.40"
"020150","롯데에너지머티리얼즈","42050","600","1.45","950","44.26","1025","41.01","31661","1.33","300","0.71"
"280360","롯데웰푸드","123800","-400","-0.32","6160","20.10","13226","9.36","228909","0.54","2300","1.86"
"004000","롯데정밀화학","58000","-600","-1.02","5738","10.11","9733","5.96","90075","0.64","3500","6.03"
"286940","롯데정보통신","29300","650","2.27","2015","14.54","3689","7.94","28084","1.04","700","2.39"
"004990","롯데지주","27050","0","0.00","2387","11.33","2154","12.56","99469","0.27","1500","5.55"
"00499K","롯데지주우","37000","0","0.00",,,,,,,"1550","4.19"
"005300","롯데칠성","146600","-3100","-2.07","12754","11.49","16721","8.77","138556","1.06","3300","2.25"
"005305","롯데칠성우","68600","100","0.15",,,,,,,"3305","4.82"
"011170","롯데케미칼","153200","1000","0.66","1716","89.28","8378","18.29","404799","0.38","3500","2.28"
"071840","롯데하이마트","10260","40","0.39",,,,,"55987","0.18","300","2.92"
"027740","마니커","1160","10","0.87","16","72.50",,,"777","1.49","0","0.00"
"001080","만호제강","47150","0","0.00","3106","15.18",,,"88854","0.53","0","0.00"
"138040","메리츠금융지주","59100","3300","5.91","8406","7.03","11871","4.98","27050","2.18","105","0.18"
"090370","메타랩스","2225","-10","-0.45",,,,,"3160","0.70","0","0.00"
"017180","명문제약","2285","30","1.33","233","9.81",,,"2648","0.86","0","0.00"
"009900","명신산업","19010","350","1.88","1633","11.64","3276","5.80","7315","2.60","0","0.00"
"012690","모나리자","2625","15","0.57","64","41.02",,,"2123","1.24","50","1.90"
"005360","모나미","3065","15","0.49","166","18.46",,,"5502","0.56","70","2.28"
"009680","모토닉","8270","-50","-0.60","988","8.37",,,"19912","0.42","400","4.84"
"009580","무림P&P","3170","35","1.12","721","4.40",,,"10484","0.30","150","4.73"
"009200","무림페이퍼","2290","165","7.76","365","6.27",,,"10014","0.23","50","2.18"
"033920","무학","5360","20","0.37",,,,,"18143","0.30","230","4.29"
"008420","문배철강","3120","20","0.65","1338","2.33",,,"8612","0.36","50","1.60"
"025560","미래산업","2545","30","1.19","303","8.40",,,"3527","0.72","0","0.00"
"007120","미래아이앤지","1405","90","6.84",,,,,"2635","0.53","0","0.00"
"085620","미래에셋생명","4765","-125","-2.56","441","10.80","1020","4.67","10179","0.47","0","0.00"
"006800","미래에셋증권","7630","230","3.11","1033","7.39","871","8.76","16617","0.46","200","2.62"
"00680K","미래에셋증권2우B","3700","35","0.95",,,,,,,"200","5.41"
"006805","미래에셋증권우","3985","35","0.89",,,,,,,"220","5.52"
"002840","미원상사","170400","-1800","-1.05","14752","11.55",,,"70659","2.41","1500","0.88"
"268280","미원에스씨","137400","-1100","-0.79","12932","10.62",,,"75680","1.82","2300","1.67"
"107590","미원홀딩스","78800","-100","-0.13","8717","9.04",,,"95466","0.83","700","0.89"
"134380","미원화학","71200","200","0.28","7959","8.95",,,"64815","1.10","2500","3.51"
"003650","미창석유","71700","-1100","-1.51","15455","4.64",,,"212260","0.34","2500","3.49"
"377740","바이오노트","4245","90","2.17","3277","1.30","53","80.17","15707","0.27","490","11.54"
"003610","방림","2170","55","2.60","152","14.28",,,"5532","0.39","45","2.07"
"001340","백광산업","7790","0","0.00","491","15.87",,,"4741","1.64","60","0.77"
"035150","백산","10650","550","5.45","1882","5.66","2222","4.79","7626","1.40","150","1.41"
"002410","범양건영","2100","-5","-0.24",,,,,"3085","0.68","0","0.00"
"007210","벽산","2625","-25","-0.94","175","15.00","715","3.67","4254","0.62","25","0.95"
"002760","보락","1309","20","1.55","51","25.67",,,"808","1.62","7","0.53"
"003850","보령","11890","60","0.51","636","18.69","783","15.18","7833","1.52","100","0.84"
"000890","보해양조","541","-7","-1.28",,,,,"593","0.91","0","0.00"
"003000","부광약품","6100","100","1.67",,,,,"3845","1.59","0","0.00"
"001270","부국증권","21700","150","0.70","4736","4.58",,,"78043","0.28","1500","6.91"
"001275","부국증권우","19610","0","0.00",,,,,,,"1550","7.90"
"026940","부국철강","4250","85","2.04","355","11.97",,,"6300","0.67","75","1.76"
"011390","부산산업","63400","-1100","-1.71","2451","25.87",,,"55020","1.15","250","0.39"
"005030","부산주공","486","0","0.00",,,,,"316","1.54","0","0.00"
"002070","비비안","1252","7","0.56",,,,,"3232","0.39","0","0.00"
"100220","비상교육","5420","0","0.00",,,,,"16097","0.34","100","1.85"
"090460","비에이치","21150","250","1.20","4551","4.65","3547","5.96","17692","1.20","250","1.18"
"030790","비케이탑스","904","0","0.00",,,,,"277","3.26","0","0.00"
"005180","빙그레","54700","300","0.55","2905","18.83","9041","6.05","65119","0.84","1500","2.74"
"003960","사조대림","31300","250","0.81","9689","3.23",,,"67652","0.46","350","1.12"
"008040","사조동아원","955","3","0.32","8","119.38",,,"1639","0.58","0","0.00"
"007160","사조산업","42000","-750","-1.75","13998","3.00",,,"102866","0.41","350","0.83"
"014710","사조씨푸드","3705","5","0.14","482","7.69",,,"13889","0.27","40","1.08"
"006090","사조오양","8600","-90","-1.04","905","9.50",,,"21856","0.39","120","1.40"
"001470","삼부토건","2300","-25","-1.08",,,,,"975","2.36","0","0.00"
"006400","삼성SDI","472000","16500","3.62","29191","16.17","31807","14.84","246524","1.91","1030","0.22"
"006405","삼성SDI우","246000","4000","1.65",,,,,,,"1080","0.44"
"006660","삼성공조","8740","0","0.00","5102","1.71",,,"32070","0.27","80","0.92"
"028260","삼성물산","129500","3400","2.70","12460","10.39","12680","10.21","163048","0.79","2300","1.78"
"02826K","삼성물산우B","99600","1600","1.63",,,,,,,"2350","2.36"
"207940","삼성바이오로직스","760000","31000","4.25","11442","66.42","14028","54.18","126233","6.02","0","0.00"
"032830","삼성생명","69100","500","0.73","8817","7.84","10213","6.77","124081","0.56","3000","4.34"
"018260","삼성에스디에스","170000","1300","0.77","14218","11.96","10310","16.49","106311","1.60","3200","1.88"
"028050","삼성엔지니어링","29000","1000","3.57","3392","8.55","3181","9.12","13741","2.11","0","0.00"
"009150","삼성전기","153200","2900","1.93","12977","11.81","8799","17.41","99785","1.54","2100","1.37"
"009155","삼성전기우","71300","500","0.71",,,,,,,"2150","3.02"
"005930","삼성전자","78500","500","0.64","8057","9.74","4234","18.54","50817","1.54","1444","1.84"
"005935","삼성전자우","62300","500","0.81",,,,,,,"1445","2.32"
"001360","삼성제약","2175","65","3.08",,,,,"1528","1.42","0","0.00"
"010140","삼성중공업","7750","160","2.11",,,"379","20.45","4208","1.84","0","0.00"
"016360","삼성증권","38500","400","1.05","4730","8.14","7521","5.12","69383","0.55","1700","4.42"
"068290","삼성출판사","19950","-200","-0.99","1179","16.92",,,"17559","1.14","200","1.00"
"029780","삼성카드","32350","200","0.62","5831","5.55","5069","6.38","73934","0.44","2500","7.73"
"000810","삼성화재","263000","6000","2.33","30113","8.73","43951","5.98","259084","1.02","13800","5.25"
"000815","삼성화재우","190000","-1100","-0.58",,,,,,,"13805","7.27"
"006110","삼아알미늄","106400","-600","-0.56","1564","68.03",,,"12540","8.48","250","0.23"
"145990","삼양사","44600","650","1.48","6872","6.49",,,"131917","0.34","1250","2.80"
"145995","삼양사우","26150","150","0.58",,,,,,,"1300","4.97"
"003230","삼양식품","216000","-2000","-0.92","10665","20.25","17784","12.15","60733","3.56","1400","0.65"
"002170","삼양통상","48550","300","0.62","5339","9.09",,,"147462","0.33","1500","3.09"
"272550","삼양패키징","15810","-70","-0.44","777","20.35",,,"22869","0.69","750","4.74"
"000070","삼양홀딩스","69000","200","0.29","9173","7.52",,,"231530","0.30","3500","5.07"
"000075","삼양홀딩스우","53000","400","0.76",,,,,,,"3550","6.70"
"003720","삼영","4520","30","0.67","80","56.50","405","11.16","1525","2.96","0","0.00"
"002810","삼영무역","12390","-10","-0.08","3054","4.06",,,"26238","0.47","600","4.84"
"005680","삼영전자","8570","60","0.71","909","9.43","800","10.71","26088","0.33","300","3.50"
"023000","삼원강재","3065","40","1.32","327","9.37",,,"5807","0.53","105","3.43"
"004380","삼익THK","10850","130","1.21","804","13.50",,,"10179","1.07","300","2.76"
"002450","삼익악기","1090","1","0.09","186","5.86",,,"3225","0.34","50","4.59"
"004440","삼일씨엔에스","4320","-5","-0.12",,,,,"21073","0.21","0","0.00"
"000520","삼일제약","6700","190","2.92",,,,,"8884","0.75","0","0.00"
"009770","삼정펄프","24950","50","0.20",,,,,"85204","0.29","1000","4.01"
"005500","삼진제약","21600","200","0.93","1728","12.50",,,"20811","1.04","800","3.70"
"004690","삼천리","95000","1900","2.04","14387","6.60","4686","20.28","410695","0.23","3000","3.16"
"010960","삼호개발","3395","-5","-0.15","265","12.81",,,"9788","0.35","190","5.60"
"004450","삼화왕관","31900","-150","-0.47",,,,,"65831","0.48","1200","3.76"
"009470","삼화전기","17420","-610","-3.38","1611","10.81",,,"10248","1.70","300","1.72"
"011230","삼화전자","4200","-375","-8.20",,,,,"994","4.23","0","0.00"
"001820","삼화콘덴서","38100","400","1.06","2840","13.42","3011","12.65","21828","1.75","500","1.31"
"000390","삼화페인트","6640","0","0.00","237","28.02",,,"12654","0.52","250","3.77"
"001290","상상인증권","768","13","1.72","35","21.94",,,"2103","0.37","0","0.00"
"041650","상신브레이크","3650","45","1.25","37","98.65",,,"9851","0.37","100","2.74"
"075180","새론오토모티브","4100","-100","-2.38",,,,,"11978","0.34","140","3.41"
"007540","샘표","49500","500","1.02","4831","10.25",,,"92028","0.54","200","0.40"
"248170","샘표식품","27500","450","1.66","2869","9.59",,,"49786","0.55","200","0.73"
"007860","서연","8590","480","5.92","3034","2.83",,,"24599","0.35","100","1.16"
"200880","서연이화","19180","1090","6.03","2060","9.31","6623","2.90","26709","0.72","150","0.78"
"017390","서울가스","61800","2300","3.87","4554","13.57",,,"270188","0.23","1750","2.83"
"004410","서울식품","192","2","1.05","2","96.00",,,"75","2.56","0","0.00"
"004415","서울식품우","1947","-1","-0.05",,,,,,,"0","0.00"
"021050","서원","1348","25","1.89","6","224.67",,,"2870","0.47","0","0.00"
"008490","서흥","28700","-200","-0.69","3056","9.39","1902","15.09","37893","0.76","400","1.39"
"007610","선도전기","3000","0","0.00",,,,,"3277","0.92","0","0.00"
"136490","선진","6620","90","1.38","975","6.79",,,"17831","0.37","100","1.51"
"014910","성문전자","1505","20","1.35","112","13.44",,,"1699","0.89","5","0.33"
"014915","성문전자우","6820","20","0.29",,,,,,,"10","0.15"
"003080","성보화학","2930","10","0.34","204","14.36",,,"6994","0.42","135","4.61"
"004980","성신양회","8500","100","1.19",,,,,"15917","0.53","200","2.35"
"004985","성신양회우","12430","90","0.73",,,,,,,"250","2.01"
"011300","성안","1631","52","3.29",,,,,"458","3.56","0","0.00"
"000180","성창기업지주","1940","67","3.58",,,,,"9349","0.21","0","0.00"
"002420","세기상사","6190","-10","-0.16",,,,,"5022","1.23","0","0.00"
"004360","세방","12230","300","2.51","4819","2.54",,,"45333","0.27","300","2.45"
"004365","세방우","7030","60","0.86",,,,,,,"305","4.34"
"004490","세방전지","58200","-200","-0.34","3222","18.06",,,"91306","0.64","600","1.03"
"001430","세아베스틸지주","24850","650","2.69","2572","9.66","4139","6.00","52580","0.47","1200","4.83"
"306200","세아제강","137600","2800","2.08","56889","2.42","54555","2.52","296062","0.46","6000","4.36"
"003030","세아제강지주","240000","5000","2.13","68897","3.48","70503","3.40","372105","0.64","2250","0.94"
"019440","세아특수강","13850","-10","-0.07","2185","6.34",,,"40593","0.34","1000","7.22"
"058650","세아홀딩스","108000","-400","-0.37","31597","3.42",,,"530930","0.20","4000","3.70"
"013000","세우글로벌","1349","7","0.52","53","25.45",,,"1596","0.85","0","0.00"
"091090","세원이앤씨","1270","0","0.00",,,,,"3875","0.33","0","0.00"
"021820","세원정공","6640","-10","-0.15",,,,,"51131","0.13","100","1.51"
"067830","세이브존I&C","2395","-25","-1.03","243","9.86",,,"12290","0.19","30","1.25"
"033530","세종공업","5940","180","3.13","64","92.81",,,"14878","0.40","100","1.68"
"075580","세진중공업","4755","220","4.85","212","22.43","342","13.91","2993","1.59","150","3.15"
"068270","셀트리온","201500","11700","6.16","3751","53.72","5514","36.54","28937","6.96","375","0.19"
"336370","솔루스첨단소재","26500","400","1.53",,,,,"12000","2.21","100","0.38"
"33637K","솔루스첨단소재1우","6720","30","0.45",,,,,,,"101","1.50"
"33637L","솔루스첨단소재2우B","9760","220","2.31",,,,,,,"100","1.02"
"248070","솔루엠","27300","200","0.74","954","28.62","2860","9.55","5958","4.58","0","0.00"
"004430","송원산업","16360","-1050","-6.03","5497","2.98","2829","5.78","28443","0.58","500","3.06"
"126720","수산인더스트리","18930","50","0.26","3544","5.34","3360","5.63","32090","0.59","600","3.17"
"017550","수산중공업","2110","25","1.20","292","7.23",,,"2566","0.82","10","0.47"
"053210","스카이라이프","5920","20","0.34","470","12.60","869","6.81","17321","0.34","350","5.91"
"026890","스틱인베스트먼트","6930","-50","-0.72","428","16.19",,,"6347","1.09","200","2.89"
"134790","시디즈","28900","300","1.05","1516","19.06",,,"37778","0.76","400","1.38"
"016590","신대양제지","5620","40","0.72","1319","4.26",,,"15417","0.36","125","2.22"
"029530","신도리코","32700","-100","-0.30","5007","6.53",,,"109950","0.30","1500","4.59"
"004970","신라교역","8680","0","0.00","899","9.66",,,"35416","0.25","500","5.76"
"011930","신성이엔지","2040","10","0.49","168","12.14","194","10.50","1036","1.97","0","0.00"
"005390","신성통상","1841","21","1.15","579","3.18",,,"2950","0.62","50","2.72"
"004170","신세계","175200","1500","0.86","41282","4.24","35341","4.96","418209","0.42","3750","2.14"
"035510","신세계 I&C","12110","10","0.08","6381","1.90",,,"27495","0.44","500","4.13"
"034300","신세계건설","12160","-170","-1.38",,,,,"70930","0.17","500","4.11"
"031430","신세계인터내셔날","18300","180","0.99","3313","5.52","2152","8.50","23264","0.79","500","2.73"
"031440","신세계푸드","39450","650","1.68",,,"4597","8.58","75425","0.52","750","1.90"
"006880","신송홀딩스","6060","-40","-0.66","139","43.60",,,"8832","0.69","120","1.98"
"005800","신영와코루","9440","270","2.94","2611","3.62",,,"40302","0.23","150","1.59"
"001720","신영증권","59500","-300","-0.50","11893","5.00",,,"188226","0.32","4000","6.72"
"001725","신영증권우","59600","0","0.00",,,,,,,"4050","6.80"
"009270","신원","1425","75","5.56","224","6.36",,,"2863","0.50","100","7.02"
"002700","신일전자","1881","8","0.43","15","125.40",,,"1165","1.61","10","0.53"
"002870","신풍","835","2","0.24",,,,,"2895","0.29","50","5.99"
"019170","신풍제약","13520","220","1.65",,,,,"6430","2.10","0","0.00"
"019175","신풍제약우","20650","500","2.48",,,,,,,"0","0.00"
"055550","신한지주","40150","1150","2.95","8454","4.75","9288","4.32","92043","0.44","2065","5.14"
"004080","신흥","14340","-10","-0.07","901","15.92",,,"11398","1.26","250","1.74"
"102280","쌍방울","269","0","0.00",,,,,"528","0.51","0","0.00"
"003410","쌍용C&E","5750","60","1.05","254","22.64","205","28.07","3172","1.81","440","7.65"
"004770","써니전자","2365","-25","-1.05","144","16.42",,,"2101","1.13","0","0.00"
"403550","쏘카","15400","220","1.45",,,,,"7565","2.04","0","0.00"
"004920","씨아이테크","1470","-3","-0.20",,,,,"1240","1.19","0","0.00"
"112610","씨에스윈드","70200","3800","5.72",,,"2959","23.72","21158","3.32","500","0.71"
"308170","씨티알모빌리티","12300","210","1.74","131","93.89",,,"12061","1.02","0","0.00"
"008700","아남전자","2180","25","1.16","181","12.04",,,"1270","1.72","0","0.00"
"002790","아모레G","29250","800","2.81","657","44.52","1879","15.57","37406","0.78","205","0.70"
"00279K","아모레G3우(전환)","18860","450","2.44",,,,,,,"667","3.54"
"002795","아모레G우","10010","110","1.11",,,,,,,"210","2.10"
"090430","아모레퍼시픽","145000","7200","5.22","1949","74.40","4794","30.25","69550","2.08","680","0.47"
"090435","아모레퍼시픽우","36600","950","2.66",,,,,,,"685","1.87"
"002030","아세아","187000","8000","4.47","46012","4.06",,,"548397","0.34","3750","2.01"
"183190","아세아시멘트","10490","-20","-0.19","1631","6.43","1702","6.16","24770","0.42","225","2.14"
"002310","아세아제지","41250","-250","-0.60","10540","3.91","11277","3.66","89799","0.46","1000","2.42"
"012170","아센디오","888","68","8.29",,,,,"384","2.31","0","0.00"
"267850","아시아나IDT","19450","190","0.99","774","25.13",,,"14410","1.35","500","2.57"
"020560","아시아나항공","11160","160","1.45","498","22.41","1787","6.24","9289","1.20","0","0.00"
"122900","아이마켓코리아","8590","30","0.35","706","12.17","658","13.05","11376","0.76","600","6.98"
"010780","아이에스동서","28950","400","1.40","6426","4.51","4096","7.07","46278","0.63","0","0.00"
"139990","아주스틸","7100","110","1.57","51","139.22","113","62.60","9135","0.78","0","0.00"
"001780","알루코","3060","75","2.51","155","19.74",,,"2638","1.16","0","0.00"
"018250","애경산업","18620","-280","-1.48","632","29.46","2013","9.25","13672","1.36","310","1.66"
"161000","애경케미칼","15350","-400","-2.54","1249","12.29","781","19.65","15115","1.02","550","3.58"
"011090","에넥스","572","-2","-0.35",,,,,"748","0.76","0","0.00"
"137310","에스디바이오센서","11440","150","1.33","8997","1.27",,,"28794","0.40","990","8.65"
"118000","에스메디","400","8","2.04",,,,,"928","0.43","0","0.00"
"005850","에스엘","35700","1050","3.03","3360","10.63","7241","4.93","35492","1.01","600","1.68"
"010580","에스엠벡셀","1822","19","1.05","92","19.80",,,"603","3.02","0","0.00"
"012750","에스원","60000","1000","1.69","4467","13.43","4738","12.66","45045","1.33","2500","4.17"
"023960","에쓰씨엔지니어링","1739","59","3.51","175","9.94",,,"1320","1.32","0","0.00"
"298690","에어부산","3060","175","6.07",,,,,"1086","2.82","0","0.00"
"078520","에이블씨엔씨","6770","60","0.89","36","188.06",,,"4422","1.53","0","0.00"
"015260","에이엔피","1350","19","1.43",,,,,"741","1.82","0","0.00"
"007460","에이프로젠","960","18","1.91",,,,,"923","1.04","0","0.00"
"003060","에이프로젠바이오로직스","290","3","1.05","19","15.26",,,"720","0.40","0","0.00"
"244920","에이플러스에셋","4335","5","0.12","2226","1.95",,,"6449","0.67","200","4.61"
"450080","에코프로머티","188500","16900","9.85","294","641.16","805","234.05","5428","34.73","0","0.00"
"036570","엔씨소프트","240500","-500","-0.21","21456","11.21","12723","18.90","157391","1.53","6680","2.78"
"380440","엔에이치스팩19호","10290","20","0.19",,,,,,,"0","0.00"
"085310","엔케이","1005","0","0.00","136","7.39",,,"1457","0.69","0","0.00"
"097520","엠씨넥스","30250","0","0.00","1293","23.40","2074","14.59","17477","1.73","500","1.65"
"014440","영보화학","3760","30","0.80","343","10.96",,,"8125","0.46","50","1.33"
"111770","영원무역","45600","500","1.11","15377","2.97","11690","3.90","64162","0.71","1530","3.36"
"009970","영원무역홀딩스","78000","0","0.00","37988","2.05","28088","2.78","176464","0.44","3050","3.91"
"003520","영진약품","2125","45","2.16",,,,,"491","4.33","0","0.00"
"000670","영풍","516000","-2000","-0.39","213453","2.42",,,"2272640","0.23","10000","1.94"
"006740","영풍제지","2805","-5","-0.18","194","14.46",,,"3320","0.84","779","27.77"
"012280","영화금속","886","6","0.68","9","98.44",,,"1191","0.74","0","0.00"
"012160","영흥","563","2","0.36",,,,,"2456","0.23","0","0.00"
"015360","예스코홀딩스","33000","-200","-0.60",,,,,"112673","0.29","2500","7.58"
"007310","오뚜기","400000","5000","1.27","80501","4.97","40920","9.78","528433","0.76","9000","2.25"
"002630","오리엔트바이오","607","9","1.51",,,,,"602","1.01","0","0.00"
"271560","오리온","116100","1600","1.40","9926","11.70","10430","11.13","64606","1.80","950","0.82"
"001800","오리온홀딩스","14600","-200","-1.35","1712","8.53",,,"35982","0.41","700","4.79"
"011690","와이투솔루션","2790","60","2.20",,,,,"2590","1.08","0","0.00"
"070960","용평리조트","3050","-15","-0.49",,,"686","4.45","7847","0.39","0","0.00"
"316140","우리금융지주","13000","110","0.85","4191","3.10","4184","3.11","39505","0.33","1130","8.69"
"006980","우성","19830","-30","-0.15","49","404.69",,,"67491","0.29","0","0.00"
"017370","우신시스템","8840","290","3.39","171","51.70","1887","4.69","5701","1.55","30","0.34"
"105840","우진","9300","170","1.86","478","19.46","581","16.02","7877","1.18","150","1.61"
"010400","우진아이엔에스","5120","40","0.79",,,,,"13930","0.37","0","0.00"
"049800","우진플라임","3035","30","1.00","1092","2.78",,,"5139","0.59","50","1.65"
"016880","웅진","1264","14","1.12","103","12.27",,,"978","1.29","0","0.00"
"095720","웅진씽크빅","2560","15","0.59","27","94.81","263","9.72","3142","0.81","110","4.30"
"005820","원림","18650","210","1.14","3500","5.33",,,"55263","0.34","350","1.88"
"010600","웰바이오텍","1205","-6","-0.50",,,,,"561","2.15","0","0.00"
"008600","윌비스","635","16","2.58",,,,,"1522","0.42","0","0.00"
"033270","유나이티드제약","27000","1750","6.93","3058","8.83",,,"22971","1.18","400","1.48"
"014830","유니드","67800","-300","-0.44","14826","4.57","10306","6.58","135798","0.50","2000","2.95"
"446070","유니드비티플러스","7100","0","0.00","90","78.89",,,"18122","0.39","0","0.00"
"000910","유니온","5530","90","1.65",,,,,"7741","0.71","125","2.26"
"047400","유니온머티리얼","2905","80","2.83",,,,,"1996","1.46","35","1.20"
"011330","유니켐","2110","85","4.20","33","63.94",,,"1678","1.26","20","0.95"
"077500","유니퀘스트","6080","-120","-1.94","1853","3.28",,,"13196","0.46","200","3.29"
"002920","유성기업","2870","-45","-1.54","741","3.87",,,"11419","0.25","120","4.18"
"000700","유수홀딩스","5790","10","0.17","1218","4.75",,,"13726","0.42","400","6.91"
"003470","유안타증권","2550","40","1.59","209","12.20",,,"7578","0.34","110","4.31"
"003475","유안타증권우","2600","0","0.00",,,,,,,"160","6.15"
"072130","유엔젤","3610","0","0.00","185","19.51",,,"4499","0.80","0","0.00"
"000220","유유제약","5280","10","0.19",,,,,"6167","0.86","105","1.99"
"000225","유유제약1우","6010","400","7.13",,,,,,,"110","1.83"
"000227","유유제약2우B","12280","780","6.78",,,,,,,"110","0.90"
"001200","유진투자증권","3535","-25","-0.70","168","21.04",,,"10623","0.33","60","1.70"
"000100","유한양행","68800","900","1.33","1272","54.09","1738","39.58","26681","2.58","400","0.58"
"000105","유한양행우","63500","800","1.28",,,,,,,"410","0.65"
"003460","유화증권","2375","-5","-0.21","67","35.45",,,"8219","0.29","110","4.63"
"003465","유화증권우","2235","-55","-2.40",,,,,,,"120","5.37"
"008730","율촌화학","31700","-900","-2.76",,,,,"13460","2.36","250","0.79"
"008250","이건산업","6480","-50","-0.77","501","12.93",,,"18762","0.35","100","1.54"
"025820","이구산업","3855","75","1.98","171","22.54",,,"3804","1.01","50","1.30"
"214320","이노션","21400","350","1.66","1765","12.12","2500","8.56","21241","1.01","2150","10.05"
"139480","이마트","76600","300","0.39","37528","2.04","5302","14.45","418373","0.18","2000","2.61"
"457190","이수스페셜티케미컬","158100","700","0.44",,,,,,,"0","0.00"
"007660","이수페타시스","29450","0","0.00","1620","18.18","1518","19.40","3515","8.38","100","0.34"
"005950","이수화학","13670","110","0.81","1019","13.42",,,"11236","1.22","500","3.66"
"015020","이스타코","725","-4","-0.55",,,,,"1165","0.62","0","0.00"
"093230","이아이디","1392","0","0.00",,,,,"1584","0.88","0","0.00"
"074610","이엔플러스","3875","55","1.44",,,,,"1107","3.50","0","0.00"
"102460","이연제약","16540","540","3.38","415","39.86",,,"13574","1.22","150","0.91"
"084680","이월드","1730","39","2.31","40","43.25",,,"1742","0.99","0","0.00"
"000760","이화산업","15140","220","1.47","18","841.11",,,"54787","0.28","0","0.00"
"014990","인디에프","799","0","0.00",,,,,"537","1.49","0","0.00"
"101140","인바이오젠","9340","0","0.00",,,,,"14120","0.66","0","0.00"
"006490","인스코비","1227","5","0.41",,,,,"567","2.16","0","0.00"
"023800","인지컨트롤스","8100","100","1.25","947","8.55",,,"13364","0.61","200","2.47"
"034590","인천도시가스","25550","150","0.59","2956","8.64",,,"48520","0.53","1250","4.89"
"129260","인터지스","2370","-15","-0.63","1092","2.17",,,"8867","0.27","120","5.06"
"023810","인팩","9090","90","1.00","1320","6.89",,,"11399","0.80","180","1.98"
"249420","일동제약","18160","330","1.85",,,"1151","15.78","7140","2.54","0","0.00"
"000230","일동홀딩스","10520","360","3.54",,,,,"1046","10.06","100","0.95"
"013360","일성건설","1441","-8","-0.55","115","12.53",,,"2224","0.65","5","0.35"
"003120","일성신약","23650","-100","-0.42","14122","1.67",,,"60174","0.39","4005","16.93"
"003200","일신방직","8880","-210","-2.31","5047","1.76",,,"39009","0.23","500","5.63"
"007110","일신석재","1088","18","1.68","30","36.27",,,"713","1.53","0","0.00"
"007570","일양약품","15650","220","1.43","1036","15.11",,,"12662","1.24","150","0.96"
"007575","일양약품우","16540","500","3.12",,,,,,,"175","1.06"
"008500","일정실업","12900","0","0.00",,,,,"3682","3.50","0","0.00"
"081000","일진다이아","14630","70","0.48",,,,,"28217","0.52","300","2.05"
"020760","일진디스플","1365","177","14.90",,,,,"562","2.43","0","0.00"
"103590","일진전기","10640","100","0.95","617","17.24",,,"8796","1.21","130","1.22"
"271940","일진하이솔루스","26350","50","0.19","194","135.82","224","117.65","8667","3.04","0","0.00"
"015860","일진홀딩스","3910","10","0.26","400","9.78","446","8.77","9402","0.42","150","3.84"
"226320","잇츠한불","12250","180","1.49",,,,,"20944","0.58","150","1.22"
"317400","자이에스앤디","5070","20","0.40","2447","2.07","1144","4.43","10074","0.50","300","5.92"
"033240","자화전자","28300","350","1.25",,,"1895","14.94","17892","1.58","0","0.00"
"000950","전방","23100","800","3.59","59197","0.39",,,"184874","0.12","1000","4.33"
"194370","제이에스코퍼레이션","17260","-80","-0.46","5118","3.37","4987","3.46","20205","0.85","850","4.92"
"025620","제이준코스메틱","5410","20","0.37",,,,,"10836","0.50","0","0.00"
"030000","제일기획","19030","30","0.16","1913","9.95","1934","9.84","11967","1.59","1150","6.04"
"271980","제일약품","17100","300","1.79",,,,,"10837","1.58","50","0.29"
"001560","제일연마","8690","320","3.82","297","29.26",,,"12792","0.68","270","3.11"
"002620","제일파마홀딩스","11770","30","0.26",,,,,"22003","0.53","50","0.42"
"006220","제주은행","8110","180","2.27","636","12.75",,,"16243","0.50","100","1.23"
"089590","제주항공","11730","180","1.56",,,"1384","8.48","3986","2.94","0","0.00"
"004910","조광페인트","6280","-120","-1.88",,,,,"16695","0.38","100","1.59"
"004700","조광피혁","49850","0","0.00","1706","29.22",,,"106403","0.47","0","0.00"
"001550","조비","14000","400","2.94","1664","8.41",,,"11842","1.18","0","0.00"
"462520","조선내화","21250","500","2.41",,,,,,,"0","0.00"
"120030","조선선재","98400","-1000","-1.01","10425","9.44",,,"134669","0.73","1500","1.52"
"018470","조일알미늄","2085","10","0.48","142","14.68",,,"1476","1.41","0","0.00"
"002600","조흥","172800","-1700","-0.97","18552","9.31",,,"256975","0.67","6500","3.76"
"185750","종근당","130900","-2100","-1.58","6323","20.70","6429","20.36","48854","2.68","1000","0.76"
"063160","종근당바이오","23850","900","3.92",,,,,"26941","0.89","0","0.00"
"001630","종근당홀딩스","59200","100","0.17","219","270.32","2196","26.96","108745","0.54","1400","2.36"
"044380","주연테크","574","3","0.53",,,,,"730","0.79","0","0.00"
"013890","지누스","16300","480","3.03","1512","10.78","1833","8.89","31128","0.52","530","3.25"
"013870","지엠비코리아","4760","505","11.87","621","7.67",,,"13567","0.35","80","1.68"
"071320","지역난방공사","24450","-50","-0.20",,,"518","47.18","143557","0.17","0","0.00"
"088790","진도","2035","-50","-2.40","367","5.54",,,"8359","0.24","70","3.44"
"003780","진양산업","6880","-10","-0.15","472","14.58",,,"3941","1.75","200","2.91"
"010640","진양폴리","6440","-200","-3.01","349","18.45",,,"3071","2.10","200","3.11"
"100250","진양홀딩스","3210","-5","-0.16","452","7.10",,,"6258","0.51","200","6.23"
"051630","진양화학","3090","5","0.16",,,,,"2199","1.41","0","0.00"
"272450","진에어","11780","230","1.99",,,"1909","6.17","2116","5.57","0","0.00"
"011000","진원생명과학","2840","65","2.34",,,,,"2340","1.21","0","0.00"
"002780","진흥기업","1152","8","0.70","341","3.38",,,"1533","0.75","0","0.00"
"002787","진흥기업2우B","12480","0","0.00",,,,,,,"0","0.00"
"002785","진흥기업우B","4670","0","0.00",,,,,,,"0","0.00"
"009310","참엔지니어링","412","7","1.73",,,,,"1317","0.31","0","0.00"
"000650","천일고속","47450","250","0.53",,,,,"18651","2.54","0","0.00"
"012600","청호ICT","2490","0","0.00",,,,,"1111","2.24","0","0.00"
"033250","체시스","1938","111","6.08",,,,,"967","2.00","0","0.00"
"035720","카카오","54300","900","1.69","3106","17.48","933","58.20","22893","2.37","60","0.11"
"323410","카카오뱅크","28500","800","2.89","553","51.54","906","31.47","11988","2.38","80","0.28"
"377300","카카오페이","49300","800","1.65","407","121.13","278","177.30","13583","3.63","0","0.00"
"006380","카프로","856","13","1.54",,,,,"665","1.29","0","0.00"
"109070","컨버즈","4100","0","0.00",,,,,"402","10.20","0","0.00"
"001620","케이비아이동국실업","595","8","1.36","46","12.93",,,"1765","0.34","0","0.00"
"029460","케이씨","18410","90","0.49","8092","2.28",,,"58058","0.32","350","1.90"
"281820","케이씨텍","26800","-300","-1.11","2692","9.96","2064","12.98","20995","1.28","250","0.93"
"381970","케이카","11720","50","0.43","631","18.57","1038","11.29","5112","2.29","760","6.48"
"007815","코리아써우","7090","60","0.85",,,,,,,"0","0.00"
"007810","코리아써키트","19990","-110","-0.55","2507","7.97","1352","14.79","17437","1.15","0","0.00"
"00781K","코리아써키트2우B","7990","-20","-0.25",,,,,,,"0","0.00"
"003690","코리안리","7150","20","0.28","965","7.41","2113","3.38","19585","0.37","430","6.01"
"192820","코스맥스","126400","3800","3.10","1838","68.77","10275","12.30","51220","2.47","0","0.00"
"044820","코스맥스비티아이","10630","30","0.28",,,,,"31502","0.34","0","0.00"
"005070","코스모신소재","147300","-1500","-1.01","901","163.49","1668","88.28","8099","18.19","0","0.00"
"005420","코스모화학","39000","50","0.13","329","118.54",,,"6020","6.48","0","0.00"
"071950","코아스","603","13","2.20",,,,,"562","1.07","0","0.00"
"002020","코오롱","17400","10","0.06","10012","1.74",,,"70324","0.25","550","3.16"
"003070","코오롱글로벌","11550","-80","-0.69","5710","2.02","2011","5.74","21696","0.53","400","3.46"
"003075","코오롱글로벌우","17230","0","0.00",,,,,,,"450","2.61"
"450140","코오롱모빌리티그룹","3025","45","1.51",,,,,,,"0","0.00"
"45014K","코오롱모빌리티그룹우","5810","100","1.75",,,,,,,"0","0.00"
"002025","코오롱우","13760","-330","-2.34",,,,,,,"600","4.36"
"120110","코오롱인더","44500","650","1.48","5934","7.50","4743","9.38","86186","0.52","1300","2.92"
"120115","코오롱인더우","23600","100","0.43",,,,,,,"1350","5.72"
"138490","코오롱플라스틱","7830","180","2.35","939","8.34","789","9.92","6728","1.16","180","2.30"
"021240","코웨이","57200","1600","2.88","6314","9.06","7354","7.78","31887","1.79","1300","2.27"
"036420","콘텐트리중앙","15260","60","0.39",,,,,"9617","1.59","0","0.00"
"031820","콤텍시스템","764","5","0.66","201","3.80",,,"1259","0.61","0","0.00"
"192400","쿠쿠홀딩스","16380","0","0.00","3755","4.36",,,"31140","0.53","800","4.88"
"284740","쿠쿠홈시스","21450","-150","-0.69","5118","4.19",,,"31261","0.69","700","3.26"
"264900","크라운제과","8380","-20","-0.24","2116","3.96",,,"15034","0.56","250","2.98"
"26490K","크라운제과우","10790","100","0.94",,,,,,,"252","2.34"
"005740","크라운해태홀딩스","5790","50","0.87","559","10.36",,,"19727","0.29","100","1.73"
"005745","크라운해태홀딩스우","10670","-20","-0.19",,,,,,,"105","0.98"
"259960","크래프톤","193600","4200","2.22","10666","18.15","13035","14.85","108962","1.78","0","0.00"
"020120","키다리스튜디오","5460","160","3.02",,,,,"7338","0.74","50","0.92"
"039490","키움증권","99500","2000","2.05","17919","5.55","24319","4.09","164805","0.60","3000","3.02"
"014580","태경비케이","6650","50","0.76","850","7.82",,,"6444","1.03","130","1.95"
"015890","태경산업","6560","10","0.15","1154","5.68",,,"10077","0.65","300","4.57"
"006890","태경케미컬","13810","110","0.80","782","17.66","1991","6.93","12992","1.06","200","1.45"
"003240","태광산업","610000","4000","0.66","406090","1.50",,,"4906107","0.12","1750","0.29"
"011280","태림포장","2410","-45","-1.83","253","9.53",,,"4948","0.49","50","2.07"
"004100","태양금속","3415","155","4.75",,,,,"2804","1.22","5","0.15"
"004105","태양금속우","8180","1170","16.69",,,,,,,"10","0.12"
"009410","태영건설","2315","-90","-3.74","1607","1.44","1659","1.40","18872","0.12","225","9.72"
"009415","태영건설우","2885","-260","-8.27",,,,,,,"230","7.97"
"001420","태원물산","4950","-40","-0.80",,,,,"4033","1.23","50","1.01"
"007980","태평양물산","2175","45","2.11","548","3.97",,,"4369","0.50","30","1.38"
"055490","테이팩스","28850","150","0.52","4013","7.19",,,"31365","0.92","900","3.12"
"078000","텔코웨어","9980","120","1.22","688","14.51",,,"19820","0.50","600","6.01"
"214420","토니모리","4230","115","2.79",,,,,"3871","1.09","0","0.00"
"019180","티에이치엔","3495","-25","-0.71",,,,,"4827","0.72","50","1.43"
"363280","티와이홀딩스","4225","45","1.08","2579","1.64",,,"41059","0.10","150","3.55"
"36328K","티와이홀딩스우","6240","240","4.00",,,,,,,"175","2.80"
"091810","티웨이항공","2390","145","6.46",,,"395","6.05","309","7.73","0","0.00"
"004870","티웨이홀딩스","468","-7","-1.47","697","0.67",,,"1505","0.31","0","0.00"
"005690","파미셀","6070","180","3.06","182","33.35",,,"1328","4.57","0","0.00"
"036580","팜스코","3250","-10","-0.31",,,,,"7532","0.43","50","1.54"
"004720","팜젠사이언스","6200","70","1.14","4498","1.38",,,"13118","0.47","0","0.00"
"028670","팬오션","3735","110","3.03","1267","2.95","728","5.13","8404","0.44","150","4.02"
"010820","퍼스텍","3245","40","1.25","37","87.70",,,"1183","2.74","0","0.00"
"016800","퍼시스","30500","-150","-0.49","646","47.21",,,"52783","0.58","1100","3.61"
"001020","페이퍼코리아","902","2","0.22",,,,,"1297","0.70","0","0.00"
"090080","평화산업","1327","25","1.92","111","11.95",,,"755","1.76","0","0.00"
"010770","평화홀딩스","3225","-45","-1.38",,,,,"7178","0.45","150","4.65"
"058430","포스코스틸리온","56600","-1500","-2.58","3785","14.95","3833","14.77","57026","0.99","875","1.55"
"047050","포스코인터내셔널","62400","100","0.16","4780","13.05","4411","14.15","32288","1.93","1000","1.60"
"003670","포스코퓨처엠","359000","1500","0.42","1527","235.10","3813","94.16","31922","11.25","300","0.08"
"017810","풀무원","10490","140","1.35",,,"1092","9.61","10103","1.04","102","0.97"
"103140","풍산","39200","1050","2.75","6395","6.13","6411","6.11","67365","0.58","1000","2.55"
"005810","풍산홀딩스","36950","600","1.65","7614","4.85","7135","5.18","99583","0.37","1300","3.52"
"009810","플레이그램","559","-2","-0.36","14","39.93",,,"685","0.82","0","0.00"
"086790","하나금융지주","43400","600","1.40","11803","3.68","13138","3.30","124935","0.35","3350","7.72"
"293480","하나제약","13950","30","0.22","1405","9.93","1322","10.55","15515","0.90","510","3.66"
"039130","하나투어","52100","100","0.19",,,"3192","16.32","7960","6.55","0","0.00"
"352820","하이브","233500","2000","0.86","1265","184.58","7351","31.77","66995","3.49","0","0.00"
"071090","하이스틸","3285","35","1.08","574","5.72",,,"7380","0.45","20","0.61"
"019490","하이트론","1125","-15","-1.32",,,,,"1353","0.83","0","0.00"
"000080","하이트진로","22500","500","2.27","1250","18.00","1296","17.36","16632","1.35","950","4.22"
"000087","하이트진로2우B","15700","-80","-0.51",,,,,,,"1000","6.37"
"000140","하이트진로홀딩스","8720","0","0.00","1427","6.11",,,"25555","0.34","500","5.73"
"000145","하이트진로홀딩스우","12650","-150","-1.17",,,,,,,"550","4.35"
"036460","한국가스공사","24700","200","0.82","17317","1.43","6327","3.90","118693","0.21","0","0.00"
"005430","한국공항","49500","1750","3.66","1888","26.22",,,"110940","0.45","0","0.00"
"071050","한국금융지주","61300","1300","2.17","10900","5.62","14330","4.28","131505","0.47","2300","3.75"
"071055","한국금융지주우","43550","1300","3.08",,,,,,,"2362","5.42"
"010040","한국내화","3020","5","0.17","23","131.30",,,"6218","0.49","45","1.49"
"025540","한국단자","75000","3500","4.90","4723","15.88","8449","8.88","84382","0.89","700","0.93"
"010100","한국무브넥스","9260","350","3.93","1095","8.46",,,"9592","0.97","70","0.76"
"004090","한국석유","11290","60","0.53","906","12.46","1245","9.07","13490","0.84","110","0.97"
"002200","한국수출포장","2965","80","2.77","531","5.58",,,"7340","0.40","80","2.70"
"002960","한국쉘석유","226000","0","0.00","20555","10.99",,,"86889","2.60","18000","7.96"
"000240","한국앤컴퍼니","15600","270","1.76","1749","8.92","3329","4.69","40622","0.38","650","4.17"
"123890","한국자산신탁","3160","-20","-0.63","885","3.57","928","3.41","7620","0.41","220","6.96"
"015760","한국전력","18900","350","1.89",,,"2290","8.25","63158","0.30","0","0.00"
"006200","한국전자홀딩스","910","0","0.00","369","2.47",,,"3242","0.28","50","5.49"
"027970","한국제지","1127","-1","-0.09","39","28.90",,,"1760","0.64","0","0.00"
"023350","한국종합기술","5810","80","1.40","365","15.92",,,"14302","0.41","100","1.72"
"025890","한국주강","3035","0","0.00","154","19.71",,,"2671","1.14","0","0.00"
"000970","한국주철관","6910","80","1.17","559","12.36",,,"15912","0.43","400","5.79"
"104700","한국철강","6580","-20","-0.30","2055","3.20","1814","3.63","20372","0.32","300","4.56"
"017960","한국카본","11640","110","0.95","471","24.71","1022","11.39","9394","1.24","130","1.12"
"161890","한국콜마","53600","1700","3.28",,,"4235","12.66","29024","1.85","500","0.93"
"024720","한국콜마홀딩스","7900","70","0.89",,,,,"15782","0.50","300","3.80"
"161390","한국타이어앤테크놀로지","45400","1400","3.18","5658","8.02","7427","6.11","72196","0.63","800","1.76"
"034830","한국토지신탁","1175","-11","-0.93","106","11.08",,,"4503","0.26","90","7.66"
"007280","한국특강","1797","11","0.62","687","2.62",,,"3322","0.54","0","0.00"
"047810","한국항공우주","50000","100","0.20","1215","41.15","2181","22.92","14648","3.41","250","0.50"
"123690","한국화장품","6350","150","2.42","37","171.62",,,"1409","4.51","0","0.00"
"003350","한국화장품제조","23400","550","2.41","1113","21.02",,,"13033","1.80","100","0.43"
"011500","한농화성","15770","-150","-0.94","561","28.11",,,"9977","1.58","120","0.76"
"002390","한독","14300","570","4.15","776","18.43",,,"27596","0.52","400","2.80"
"053690","한미글로벌","20550","50","0.24","2449","8.39","2829","7.26","17414","1.18","550","2.68"
"042700","한미반도체","61700","200","0.33","939","65.71","1114","55.38","4008","15.39","200","0.32"
"008930","한미사이언스","39200","150","0.38","1010","38.81",,,"10673","3.67","200","0.51"
"128940","한미약품","352500","12500","3.68","6523","54.04","11646","30.27","68808","5.12","500","0.14"
"009240","한샘","53500","-100","-0.19",,,"1512","35.38","28093","1.90","800","1.50"
"020000","한섬","19120","90","0.47","5599","3.41","3760","5.09","60819","0.31","750","3.92"
"003680","한성기업","5790","160","2.84","250","23.16",,,"9257","0.63","0","0.00"
"105630","한세실업","21050","-100","-0.47","2182","9.65","3304","6.37","13687","1.54","500","2.38"
"069640","한세엠케이","2150","50","2.38",,,,,"1408","1.53","0","0.00"
"016450","한세예스24홀딩스","4900","10","0.20","543","9.02",,,"10535","0.47","250","5.10"
"010420","한솔PNS","1259","15","1.21","92","13.68",,,"2311","0.54","25","1.99"
"009180","한솔로지스틱스","2450","5","0.20","882","2.78",,,"3726","0.66","70","2.86"
"213500","한솔제지","10640","150","1.43","3104","3.43","2939","3.62","31223","0.34","700","6.58"
"014680","한솔케미칼","227000","-1000","-0.44","14099","16.10","11899","19.08","70184","3.23","2100","0.93"
"004710","한솔테크닉스","6940","40","0.58","468","14.83",,,"9749","0.71","100","1.44"
"004150","한솔홀딩스","2870","30","1.06","1144","2.51","762","3.77","13522","0.21","120","4.18"
"025750","한솔홈데코","865","5","0.58",,,,,"1903","0.45","0","0.00"
"004960","한신공영","7220","50","0.70","3928","1.84","2333","3.10","63033","0.11","300","4.16"
"011700","한신기계","4870","80","1.67",,,,,"2861","1.70","10","0.21"
"001750","한양증권","9180","50","0.55","1858","4.94",,,"34798","0.26","800","8.71"
"001755","한양증권우","12300","0","0.00",,,,,,,"850","6.91"
"018880","한온시스템","7290","200","2.82","38","191.84","469","15.53","4190","1.74","360","4.94"
"009420","한올바이오파마","44300","0","0.00","5","8860.00","241","184.09","3319","13.35","0","0.00"
"014130","한익스프레스","6550","-30","-0.46","581","11.27",,,"8649","0.76","130","1.98"
"300720","한일시멘트","12790","-190","-1.46","1138","11.24","2556","5.00","20910","0.61","580","4.53"
"002220","한일철강","2390","10","0.42",,,,,"7065","0.34","30","1.26"
"006390","한일현대시멘트","15650","20","0.13","1971","7.94","1914","8.18","18827","0.83","600","3.83"
"003300","한일홀딩스","11170","-110","-0.98","2904","3.85",,,"46069","0.24","800","7.16"
"051600","한전KPS","34050","-250","-0.73","2226","15.30","3219","10.58","27016","1.26","1305","3.83"
"052690","한전기술","62100","-100","-0.16","472","131.57","1346","46.13","14284","4.35","283","0.46"
"130660","한전산업","7330","50","0.69","499","14.69",,,"2947","2.49","228","3.11"
"002320","한진","24850","700","2.90","3290","7.55","2542","9.77","96471","0.26","600","2.41"
"003480","한진중공업홀딩스","3215","5","0.16","563","5.71",,,"13021","0.25","100","3.11"
"180640","한진칼","72800","4100","5.97","10143","7.18","4175","17.44","36755","1.98","170","0.23"
"18064K","한진칼우","28900","1650","6.06",,,,,,,"195","0.67"
"005110","한창","1315","-43","-3.17",,,,,"1375","0.96","0","0.00"
"009460","한창제지","926","1","0.11","21","44.10",,,"1851","0.50","20","2.16"
"372910","한컴라이프케어","4535","25","0.55","333","13.62",,,"4596","0.99","0","0.00"
"000880","한화","25750","450","1.78","14169","1.82","11254","2.29","54026","0.48","750","2.91"
"00088K","한화3우B","13940","80","0.58",,,,,,,"800","5.74"
"452260","한화갤러리아","1358","313","29.95",,,,,,,"0","0.00"
"45226K","한화갤러리아우","4365","1005","29.91",,,,,,,"0","0.00"
"088350","한화생명","2830","70","2.54","855","3.31","916","3.09","9020","0.31","0","0.00"
"000370","한화손해보험","4050","30","0.75","1856","2.18","2219","1.83","1076","3.76","0","0.00"
"009830","한화솔루션","39500","900","2.33","1873","21.09","2565","15.40","47015","0.84","0","0.00"
"009835","한화솔루션우","26100","450","1.75",,,,,,,"0","0.00"
"272210","한화시스템","17360","140","0.81",,,"660","26.32","10697","1.62","250","1.44"
"012450","한화에어로스페이스","124500","0","0.00","3964","31.41","9628","12.93","56612","2.20","1000","0.80"
"042660","한화오션","25100","150","0.60",,,"1579","15.90","6170","4.07","0","0.00"
"000885","한화우","31950","-250","-0.78",,,,,,,"800","2.50"
"003530","한화투자증권","3480","140","4.19",,,,,"7133","0.49","0","0.00"
"003535","한화투자증권우","10450","110","1.06",,,,,,,"0","0.00"
"195870","해성디에스","55400","500","0.91","9376","5.91","6031","9.19","26311","2.11","900","1.62"
"101530","해태제과식품","5400","30","0.56",,,,,"9537","0.57","200","3.70"
"143210","핸즈코퍼레이션","2890","20","0.70",,,,,"8471","0.34","0","0.00"
"000720","현대건설","34900","-50","-0.14","3637","9.60","5370","6.50","68380","0.51","600","1.72"
"000725","현대건설우","51500","100","0.19",,,,,,,"650","1.26"
"453340","현대그린푸드","11480","250","2.23",,,"2349","4.89",,,"0","0.00"
"086280","현대글로비스","191500","2500","1.32","31729","6.04","33173","5.77","183094","1.05","5700","2.98"
"064350","현대로템","26600","500","1.92","1812","14.68","2209","12.04","13930","1.91","0","0.00"
"079430","현대리바트","7760","60","0.78",,,"584","13.28","21802","0.36","0","0.00"
"012330","현대모비스","237000","7000","3.04","27163","8.73","41101","5.77","410798","0.58","4000","1.69"
"010620","현대미포조선","84900","2900","3.54",,,"3649","23.27","53525","1.59","0","0.00"
"069960","현대백화점","51800","500","0.97","6593","7.86","9701","5.34","209760","0.25","1300","2.51"
"004560","현대비앤지스틸","14610","310","2.17","1715","8.52",,,"34554","0.42","100","0.68"
"004310","현대약품","4110","235","6.06",,,,,"3144","1.31","30","0.73"
"017800","현대엘리베이","44350","250","0.57","1924","23.05",,,"28992","1.53","500","1.13"
"307950","현대오토에버","211500","0","0.00","4154","50.91","6405","33.02","53924","3.92","1140","0.54"
"011210","현대위아","65100","1400","2.20","2463","26.43","7854","8.29","124563","0.52","700","1.08"
"004020","현대제철","36500","1000","2.82","7736","4.72","5888","6.20","142260","0.26","1000","2.74"
"005440","현대지에프홀딩스","3640","5","0.14","640","5.69","1853","1.96","20860","0.17","210","5.77"
"005380","현대차","203500","5000","2.52","28521","7.14","43556","4.67","315142","0.65","7000","3.44"
"005387","현대차2우B","114200","1800","1.60",,,,,,,"7100","6.22"
"005389","현대차3우B","112500","1300","1.17",,,,,,,"7050","6.27"
"005385","현대차우","113500","1800","1.61",,,,,,,"7050","6.21"
"001500","현대차증권","8590","10","0.12","2654","3.24",,,"31599","0.27","550","6.40"
"011760","현대코퍼레이션","18880","290","1.56","6554","2.88","6461","2.92","36053","0.52","600","3.18"
"227840","현대코퍼레이션홀딩스","10730","-20","-0.19","3810","2.82",,,"25341","0.42","500","4.66"
"126560","현대퓨처넷","3175","5","0.16",,,,,"6836","0.46","90","2.83"
"001450","현대해상","31000","350","1.14","7099","4.37","12390","2.50","53896","0.58","1965","6.34"
"057050","현대홈쇼핑","43050","150","0.35","7541","5.71","7333","5.87","171103","0.25","2600","6.04"
"093240","형지엘리트","1386","0","0.00","65","21.32",,,"2270","0.61","0","0.00"
"003010","혜인","5680","0","0.00",,,,,"10052","0.57","60","1.06"
"111110","호전실업","7920","70","0.89","2932","2.70",,,"14510","0.55","300","3.79"
"008770","호텔신라","65400","1100","1.71",,,"4604","14.21","14259","4.59","200","0.31"
"008775","호텔신라우","48000","100","0.21",,,,,,,"250","0.52"
"002460","화성산업","10850","-90","-0.82","2229","4.87","2640","4.11","39046","0.28","500","4.61"
"378850","화승알앤에이","4145","265","6.83","668","6.21",,,"4879","0.85","50","1.21"
"241590","화승엔터프라이즈","8490","-250","-2.86",,,"767","11.07","8870","0.96","45","0.53"
"006060","화승인더","3455","-20","-0.58","17","203.24",,,"6884","0.50","188","5.44"
"013520","화승코퍼레이션","2030","25","1.25","63","32.22",,,"3752","0.54","50","2.46"
"010690","화신","13680","630","4.83","2254","6.07","2707","5.05","10839","1.26","100","0.73"
"133820","화인베스틸","1263","-2","-0.16",,,,,"2628","0.48","0","0.00"
"010660","화천기계","3870","45","1.18","180","21.50",,,"6506","0.59","30","0.78"
"000850","화천기공","31650","-300","-0.94","17039","1.86",,,"156939","0.20","2500","7.90"
"016580","환인제약","15040","10","0.07","1567","9.60","1505","9.99","21845","0.69","300","1.99"
"032560","황금에스티","7150","30","0.42","2380","3.00",,,"19636","0.36","200","2.80"
"004800","효성","63300","1000","1.61","786","80.53","3101","20.42","128334","0.49","4500","7.11"
"094280","효성ITX","12430","-30","-0.24","1254","9.91",,,"5521","2.25","750","6.03"
"298040","효성중공업","161900","-700","-0.43","1097","147.58","27168","5.96","104660","1.55","0","0.00"
"298050","효성첨단소재","399500","2000","0.50","28053","14.24","32394","12.33","158341","2.52","15000","3.75"
"298020","효성티앤씨","365000","6500","1.81","2686","135.89","48606","7.51","283313","1.29","10000","2.74"
"298000","효성화학","86000","900","1.06",,,"9409","9.14","36068","2.38","0","0.00"
"093370","후성","11980","230","1.96","1047","11.44","90","132.98","3882","3.09","20","0.17"
"081660","휠라홀딩스","38700","100","0.26","5720","6.77","4059","9.53","31226","1.24","1580","4.08"
"005870","휴니드","6150","70","1.15","707","8.70",,,"11026","0.56","0","0.00"
"079980","휴비스","4120","0","0.00",,,,,"11585","0.36","0","0.00"
"005010","휴스틸","4985","45","0.91","5675","0.88",,,"16181","0.31","350","7.02"
"000540","흥국화재","3070","40","1.32","2142","1.43",,,"11050","0.28","0","0.00"
"000545","흥국화재우","5650","240","4.44",,,,,,,"0","0.00"
"003280","흥아해운","2500","50","2.04","94","26.60",,,"544","4.60","0","0.00"